<?xml version="1.0" encoding="utf-8"?>
<modification>
    <name>Load more by Artem Pitov</name>
    <code>lmap</code>
    <version>1.0.0</version>
    <author>Artem Pitov</author>
    <link>https://pitov.pro/</link>
    <file path="catalog/language/*/product/{category,search,special,manufacturer}.php">
        <operation error="skip">
            <search trim="true" index="0"><![CDATA[<?php]]></search>
            <add position="after"><![CDATA[
        // Load More by Artem Pitov
        $_['text_more'] = "Показать еще %s";
        $_['text_more_load'] = "Загрузка <i class='fa fa-spinner fa-spin'></i>";
        // Load More by Artem Pitov
            ]]></add>
        </operation>
    </file> 
    <file path="catalog/controller/product/{category,search,special,manufacturer}.php">
        <operation error="skip">
            <search trim="true" index="0"><![CDATA[$pagination = new Pagination();]]></search>
            <add position="before"><![CDATA[
        // Load More by Artem Pitov
        $more_settings = $this->config->get('more_settings');

        if ($more_settings && (int)$more_settings['status']) {
            $this->document->addScript('catalog/view/javascript/more.js');        
            
            $more = $product_total - ($page * $limit);
           
            $data['text_more_load'] = $this->language->get('text_more_load'); 
            $data['more_settings']  = $more_settings;
            $data['more']           = $more <= 0 ? false : ($more < $limit ? 
                sprintf($this->language->get('text_more'), $more) : sprintf($this->language->get('text_more'), $limit));
        }
        // Load More by Artem Pitov
            ]]></add>
        </operation>
    </file>  
    <file path="catalog/view/theme/*/template/product/{special,search,category,manufacturer_info}.tpl">
        <operation error="skip">
            <search trim="true" index="0"><![CDATA[<div class="col-sm-6 text-left"><?php echo $pagination; ?></div>]]></search>
            <add position="before"><![CDATA[
            <?php /* jq.more by Artem Pitov */ ?>
            <div class="jq-more">
                <?php if (!empty($more)) { ?>
                <div class="col-sm-12 text-center jq-more-wrapper">
                    <?php if (!empty($more_settings['navigation']['button']['status']) && (int)$more_settings['navigation']['button']['status']) { ?>
                    <button type="buttom" data-loading-text="<?= $text_more_load; ?>" 
                        class="btn btn-primary" data-targer="jq-more"><?= $more; ?></button>
                    <?php } ?>
                </div>
                <?php } ?>
            ]]></add>
        </operation>        
        <operation error="skip">
            <search trim="true" index="0"><![CDATA[<div class="col-sm-6 text-right"><?php echo $results; ?></div>]]></search>
            <add position="after"><![CDATA[
            </div>
            <?php if (!empty($more)) { ?>
            <script>
                $(() => {
				   $more_settings = 
				   {
				       container  : '<?= !empty($more_settings['container']) ? $more_settings['container'] : '#content'; ?>',
				       loader     : 
				       {
				           status : <?= !empty($more_settings['loader']['status']) && (int)$more_settings['loader']['status']  ? 1 : 0; ?>,
				           image  : false
				       },
				       scroll     : 
				       {
				           offset   : <?= !empty($more_settings['scroll']['offset']) && (int)$more_settings['scroll']['offset']   
				               ? (int)$more_settings['scroll']['offset'] : 0; ?>,
				           duration : <?= !empty($more_settings['scroll']['duration']) && (int)$more_settings['scroll']['duration'] 
				               ? (int) $more_settings['scroll']['duration'] : 500; ?>,
				           timeout  : <?= !empty($more_settings['scroll']['timeout']) && (int)$more_settings['scroll']['timeout']  
				               ? (int) $more_settings['scroll']['timeout'] : 100; ?>
				       },
				       navigation : 
				       {
				           wrapper : '<?= !empty($more_settings['navigation']['wrapper']) ? $more_settings['navigation']['wrapper'] : '.jq-more'; ?>', 
				           pagination : 
				           {
				               ajax     : <?= !empty($more_settings['navigation']['pagination']['status']) && (int)$more_settings['navigation']['pagination']['status']  
				                   ? (int)$more_settings['navigation']['pagination']['status'] : 0; ?>,
				               active   : '<?= !empty($more_settings['navigation']['pagination']['active']) 
				                   ? $more_settings['navigation']['pagination']['active'] : 'li.active'; ?>',
				               selector : '<?= !empty($more_settings['navigation']['pagination']['selector']) 
				                   ? $more_settings['navigation']['pagination']['selector'] : '.pagination'; ?>'
				           },
				           button : 
				           {
				               ajax     : <?= !empty($more_settings['navigation']['button']['status']) && (int)$more_settings['navigation']['button']['status']  
				                   ? (int)$more_settings['navigation']['button']['status'] : 0; ?>,
				               selector :  "<?= !empty($more_settings['navigation']['button']['selector']) 
				                   ? $more_settings['navigation']['button']['selector'] : '[data-targer=\'jq-more\']'; ?>"
				           } 
				       },  
				       filter : 
				       {
				           sort_order :   
				           {
				               ajax     : <?= !empty($more_settings['filter']['sort_order']['status']) && (int)$more_settings['filter']['sort_order']['status']  
				                   ? (int)$more_settings['filter']['sort_order']['status'] : 0; ?>,
				               selector : '<?= !empty($more_settings['filter']['sort_order']['selector']) 
				                   ? $more_settings['filter']['sort_order']['selector'] : '#input-sort'; ?>'
				           },
				           limit : 
				           {
				               ajax     : <?= !empty($more_settings['filter']['limit']['status']) && (int)$more_settings['filter']['limit']['status']  
				                   ? (int)$more_settings['filter']['limit']['status'] : 0; ?>,
				               selector : '<?= !empty($more_settings['filter']['limit']['selector']) 
				                   ? $more_settings['filter']['limit']['selector'] : '#input-limit'; ?>'
				           }
				       },
				       products : 
				       {
				           selector : '<?= !empty($more_settings['products']['selector']) 
				                   ? $more_settings['products']['selector'] : '.product-layout'; ?>',
				           wrapper  : '<?= !empty($more_settings['products']['wrapper']) 
				                   ? $more_settings['products']['wrapper'] : '.row'; ?>'
				       },
				       url : 
				       {
				           reload  : <?= !empty($more_settings['url']['reload']['status']) && (int)$more_settings['url']['reload']['status']  
				                   ? (int)$more_settings['url']['reload']['status'] : 0; ?>, 
				           replace : <?= !empty($more_settings['url']['replace']['status']) && (int)$more_settings['url']['replace']['status']  
				                   ? (int)$more_settings['url']['replace']['status'] : 0; ?>
				       }
				   }

                    let more = new More($more_settings); 
                });
            </script>             
            <?php } /* jq.more by Artem Pitov */ ?>
            ]]></add>
        </operation>

    </file>                    
</modification>