<?xml version="1.0" encoding="utf-8"?>
<modification>
  <name>CKEditor 4.13.0 Full for 2.3.х</name>
  <code>wm_ck_editor_4_13_0_modification</code>
  <version>1.2</version>
  <author>Aleksey Arekaev (web-mehanik)</author>
  <link>mailto:web-mehanik@yandex.ru</link>

  <file path="admin/view/template/setting/setting.tpl">
    <operation>
      <search><![CDATA[
<legend><?php echo $text_security; ?></legend>
      ]]></search>
      <add position="before" offset="2"><![CDATA[
<div class="form-group">
  <label class="col-sm-2 control-label">
    <span><?php echo $entry_enable_ext_allowed_files; ?></span>
  </label>
  <div class="col-sm-10">
    <select id="config_enable_ext_allowed_files" class="form-control" name="config_enable_ext_allowed_files">
      <?php if ($config_enable_ext_allowed_files) { ?>
      <option value="0"><?php echo $text_no; ?></option>
      <option value="1" selected="selected"><?php echo $text_yes; ?></option>
      <?php } else { ?>
      <option value="0" selected="selected"><?php echo $text_no; ?></option>
      <option value="1"><?php echo $text_yes; ?></option>
      <?php } ?>
    </select>
  </div>
</div>
      ]]></add>
    </operation>
  </file>

  <file path="admin/controller/setting/setting.php">
    <operation>
      <search><![CDATA[
if (isset($this->error['warning'])) {
        ]]></search>
      <add position="before"><![CDATA[
$data['entry_enable_ext_allowed_files'] = $this->language->get('entry_enable_ext_allowed_files');
      ]]></add>
    </operation>
    <operation>
      <search><![CDATA[
if (isset($this->request->post['config_error_display'])) {
        ]]></search>
      <add position="before"><![CDATA[
if (isset($this->request->post['config_enable_ext_allowed_files'])) {
    $data['config_enable_ext_allowed_files'] = $this->request->post['config_enable_ext_allowed_files'];
} else {
    $data['config_enable_ext_allowed_files'] = $this->config->get('config_enable_ext_allowed_files');
}
      ]]></add>
    </operation>
  </file>

  <file path="admin/language/ru-ru/setting/setting.php">
    <operation>
      <search><![CDATA[
$_['entry_status']
        ]]></search>
      <add position="before"><![CDATA[
$_['entry_enable_ext_allowed_files'] = 'Разрешить загрузку и вставку файлов, указанных ниже в настройках';
      ]]></add>
    </operation>
  </file>

  <file path="admin/language/en-gb/setting/setting.php">
    <operation>
      <search><![CDATA[
$_['entry_status']
        ]]></search>
      <add position="before"><![CDATA[
$_['entry_enable_ext_allowed_files'] = 'Enable download and insert type of files from settings (See below)';
      ]]></add>
    </operation>
  </file>

  <file path="system/library/response.php">
    <operation>
      <search><![CDATA[
if ($this->output) {
        ]]></search>
      <add position="after"><![CDATA[
//ckeditor admin
if ( defined('HTTP_CATALOG') || defined('HTTPS_CATALOG') || defined('OPENCART_SERVER') ) {
  $this->summernoteReplace();
}
      ]]></add>
    </operation>
    <operation>
      <search><![CDATA[
return gzencode($data, (int)$level);
        ]]></search>
      <add position="after" offset="1"><![CDATA[
public function summernoteReplace() {
  if ($this->output) {
    $this->output = str_replace('view/javascript/summernote/opencart.js','view/javascript/ckeditor/summernote_replacer.js',$this->output);
  }
}
      ]]></add>
    </operation>
  </file>

  <file path="admin/controller/common/header.php">
    <operation>
      <search><![CDATA[
public function index() {
        ]]></search>
      <add position="after"><![CDATA[
//CKEditor
if ($this->config->has('config_editor_default') && $this->config->get('config_editor_default')) {
    $this->document->addScript('view/javascript/ckeditor/ckeditor.js');
    $this->document->addScript('view/javascript/ckeditor/ckeditor_init.js');

    $data['ckeditor_status'] = 'on';
} else {
    $data['ckeditor_status'] = 'off';
}
      ]]></add>
    </operation>
  </file>

  <file path="admin/view/template/common/header.tpl">
    <operation>
      <search><![CDATA[
<body>
        ]]></search>
      <add position="before"><![CDATA[
<script>
    window.ckeditorStatus = '<?php echo $ckeditor_status; ?>';
</script>
      ]]></add>
    </operation>
  </file>

  <file path="admin/controller/common/filemanager.php">
    <operation>
      <search><![CDATA[
public function index() {
        ]]></search>
      <add position="before"><![CDATA[
protected function wm_translit($text) {
  $rus = array("а","А","б","Б","в","В","г","Г","д","Д","е","Е","ё","Ё","є","Є","ж", "Ж",  "з","З","и","И","і","І","ї","Ї","й","Й","к","К","л","Л","м","М","н","Н","о","О","п","П","р","Р", "с","С","т","Т","у","У","ф","Ф","х","Х","ц","Ц","ч", "Ч", "ш", "Ш", "щ",  "Щ", "ъ","Ъ", "ы","Ы","ь","Ь","э","Э","ю", "Ю", "я","Я",'/',' ');
  $eng =array("a","A","b","B","v","V","g","G","d","D","e","E","e","E","e","E", "zh","ZH","z","Z","i","I","i","I","yi","YI","j","J","k","K","l","L","m","M","n","N","o","O", "p","P","r","R","s","S","t","T","u","U","f","F","h","H","c","C","ch","CH", "sh","SH","sch","SCH","", "", "y","Y","","","e","E","ju","JU","ja","JA",'','');
  $text = strtolower(str_replace($rus,$eng,$text));
  $disallow_symbols = array(
      ' ' => '-', '\\' => '-', '/' => '-', ':' => '-', '*' => '',
      '?' => '', ',' => '', '"' => '', '\'' => '', '<' => '', '>' => '', '|' => ''
  );
  return trim(strip_tags(str_replace(array_keys($disallow_symbols), array_values($disallow_symbols), trim(html_entity_decode($text, ENT_QUOTES, 'UTF-8')))), '-');
}
      ]]></add>
    </operation>

    <operation>
      <search><![CDATA[
$filename = basename(html_entity_decode($file['name'], ENT_QUOTES, 'UTF-8'));
        ]]></search>
      <add position="replace"><![CDATA[
$filename = basename($this->wm_translit(html_entity_decode($file['name'], ENT_QUOTES, 'UTF-8')));
      ]]></add>
    </operation>

    <operation error="skip">
      <search><![CDATA[
$this->translit
        ]]></search>
      <add position="replace"><![CDATA[
$this->wm_translit
      ]]></add>
    </operation>

    <operation>
      <search><![CDATA[
$images = array_merge($directories, $files);
        ]]></search>
      <add position="before"><![CDATA[
natsort($files);
      ]]></add>
    </operation>

    <operation>
      <search><![CDATA[
if ($this->request->server['REQUEST_METHOD'] == 'POST') {
        ]]></search>
      <add position="after"><![CDATA[
//Translit Folder Name
$this->request->post['folder'] = $this->wm_translit($this->request->post['folder']);
      ]]></add>
    </operation>
    <operation>
      <search index="1"><![CDATA[
$url = '';
        ]]></search>
      <add position="after"><![CDATA[
$url = '&parent=parent';
      ]]></add>
    </operation>

    <operation>
      <search><![CDATA[
public function index() {
        ]]></search>
      <add position="after"><![CDATA[
// Save current directory
if (!isset($this->request->get['directory'])) {
  if (!isset($this->request->get['parent'])) {
    $this->request->get['directory'] = isset($this->request->cookie['file_manager']['directory']) ? $this->request->cookie['file_manager']['directory'] : '';
    $this->request->get['page'] = isset($this->request->cookie['file_manager']['page']) ? $this->request->cookie['file_manager']['page'] : 1;
  } else { // Trying to go back to the root directory, delete cookies
    setcookie('file_manager[directory]', '', time() - 3600, '/', $this->request->server['HTTP_HOST']);
    setcookie('file_manager[page]', '', time() - 3600, '/', $this->request->server['HTTP_HOST']);
  }
} else {
  setcookie('file_manager[directory]', $this->request->get['directory'], time() + 60 * 60 * 24 * 30, '/', $this->request->server['HTTP_HOST']);
  setcookie('file_manager[page]', isset($this->request->get['page']) ? $this->request->get['page'] : 1, time() + 60 * 60 * 24 * 30, '/', $this->request->server['HTTP_HOST']);
}
      ]]></add>
    </operation>
    <operation>
      <search><![CDATA[
$data['token'] = $this->session->data['token'];
        ]]></search>
      <add position="after"><![CDATA[
// CKEditor
if (isset($this->request->get['cke'])) {
  $data['cke'] = $this->request->get['cke'];
} else {
  $data['cke'] = '';
}
      ]]></add>
    </operation>
    <operation>
      <search><![CDATA[
$url .= '&target=' . $this->request->get['target'];
        ]]></search>
      <add position="after" offset="1"><![CDATA[
if (isset($this->request->get['cke'])) {
    $url .= '&cke=' . $this->request->get['cke'];
}
      ]]></add>
    </operation>
    <operation>
      <search><![CDATA[
if (!$directories) {
        ]]></search>
      <add position="after" offset="2"><![CDATA[
if ($this->config->get('config_enable_ext_allowed_files') && isset($this->request->get['cke']) && $this->request->get['cke'] == 'info:url') {
  $allowed = array();

  $extension_allowed = preg_replace('~\r?\n~', ",", $this->config->get('config_file_ext_allowed'));
  
  $files = glob($directory . '/' . $filter_name . '*.{'.$extension_allowed.'}', GLOB_BRACE);
} else {
      ]]></add>
    </operation>
    <operation>
      <search><![CDATA[
$files = glob($directory . '/' . $filter_name . '*.{jpg,jpeg,png,gif,JPG,JPEG,PNG,GIF}', GLOB_BRACE);
        ]]></search>
      <add position="after"><![CDATA[
        }
        $files = array_unique($files);
        ]]></add>
    </operation>
    <operation>
      <search><![CDATA[
if (!in_array(utf8_strtolower(utf8_substr(strrchr($filename, '.'), 1)), $allowed)) {
        ]]></search>
      <add position="before"><![CDATA[
if ($this->config->get('config_enable_ext_allowed_files')) {
  // Allowed file extension types
  $allowed = array();

  $extension_allowed = preg_replace('~\r?\n~', "\n", $this->config->get('config_file_ext_allowed'));

  $filetypes = explode("\n", $extension_allowed);

  foreach ($filetypes as $filetype) {
    $allowed[] = trim($filetype);
  }
}
      ]]></add>
    </operation>
    <operation>
      <search><![CDATA[
if (!in_array($file['type'], $allowed)) {
        ]]></search>
      <add position="before"><![CDATA[
if ($this->config->get('config_enable_ext_allowed_files')) {
  // Allowed file mime types
  $allowed = array();

  $mime_allowed = preg_replace('~\r?\n~', "\n", $this->config->get('config_file_mime_allowed'));

  $filetypes = explode("\n", $mime_allowed);

  foreach ($filetypes as $filetype) {
    $allowed[] = trim($filetype);
  }
}
      ]]></add>
    </operation>
    <operation>
      <search><![CDATA[
} elseif (is_file($image)) {
        ]]></search>
      <add position="before"><![CDATA[
} elseif (is_file($image) && !in_array(substr(strrchr($image, '.'), 1),array('jpg','jpeg','png','gif','JPG','JPEG','PNG','GIF'))) {
  $data['images'][] = array(
    'thumb' => 'view/image/file_icon.png',
    'name'  => implode(' ', $name),
    'type'  => 'image',
    'path'  => utf8_substr($image, utf8_strlen(DIR_IMAGE)),
    'href'  => $server . 'image/' . utf8_substr($image, utf8_strlen(DIR_IMAGE))
  );
      ]]></add>
    </operation>
  </file>

  <file path="admin/view/template/common/filemanager.tpl">
    <operation>
      <search index="0"><![CDATA[
<div class="modal-footer"><?php echo $pagination; ?></div>
      ]]></search>
      <add position="after" offset="2"><![CDATA[
<style>
.modal-open .modal {
    z-index: 100000 !important;
}
</style>
      ]]></add>
    </operation>
<!--     <operation>
      <search index="0"><![CDATA[
url += '&thumb=' + '<?php echo $thumb; ?>';
      ]]></search>
      <add position="after" offset="1"><![CDATA[
<?php if ($cke) { ?>
url += '&cke=' + '<?php echo $cke; ?>';
<?php } ?>
      ]]></add>
    </operation> -->
   <!--  <operation>
      <search><![CDATA[
$('#modal-image').modal('hide');
      ]]></search>
      <add position="after" offset="1"><![CDATA[
<?php } else { ?>
$('a.thumbnail').on('click', function(e) {
  e.preventDefault();
  //CKEditor
  <?php if ($cke) { ?>
    var cke_target = '<?php echo $cke; ?>' || null;
    cke_target = cke_target.split( ':' ); //link,txtUrl
    CKEDITOR.dialog.getCurrent().setValueOf(cke_target[0], cke_target[1], this.getAttribute('href'));
    //window.opener.CKEDITOR.tools.callFunction(<?php echo $cke; ?>, 'this.getAttribute('href'));
    //$('.cke_dialog_body img[src="'+ this.getAttribute('href') + '"]').first().remove();
  <?php } ?>

  $('#modal-image').modal('hide');
});
      ]]></add>
    </operation> -->
  </file>

</modification>