﻿<?xml version="1.0" encoding="utf-8"?>
<modification>
	<name>XD Stickers for Opencart | ocStore 2.3.x</name>
	<code>9638944133</code>
	<version>1.3.3</version>
    <author>Domus159@gmail.com</author>
    <link>//xdomus.ru/opencart/modul-stikery-dlya-opencart-besplatno/</link>
	<file path="admin/model/catalog/product.php">
		<operation>
			<search>
				<![CDATA[
					$this->cache->delete('product');
				]]>
			</search>
			<add position="before">
				<![CDATA[
					// XD Stickers start
						$this->db->query("DELETE FROM " . DB_PREFIX . "xdstickers_product WHERE product_id = " . (int)$product_id);
						// var_dump($data['xdstickers']);
						if (isset($data['xdstickers'])) {
							foreach ($data['xdstickers'] as $xdsticker) {
								$this->db->query("INSERT INTO " . DB_PREFIX . "xdstickers_product SET product_id = " . (int)$product_id . ", xdsticker_id = ".(int)$xdsticker['xdsticker_id']);
							}
						}
					// XD Stickers end
				]]>
			</add>
		</operation>
	</file>
	<file path="admin/controller/catalog/product.php">
		<operation>
			<search>
				<![CDATA[
					$data['layouts'] = $this->model_design_layout->getLayouts();
				]]>
			</search>
			<add position="after">
				<![CDATA[
					// XD Stickers start
						$this->load->language('extension/module/xdstickers');
						$this->load->model('extension/module/xdstickers');
						$data['xdstickers_product'] = array();
						$data['tab_xdstickers'] = $this->language->get('tab_xdstickers');
						$data['entry_xdstickers'] = $this->language->get('entry_xdstickers');
						$data['xdstickers'] = $this->model_extension_module_xdstickers->getCustomXDStickers();
						if (isset($this->request->post['product_layout'])) {
							$data['xdstickers_product'] = $this->request->post['xdstickers'];
						} elseif (isset($this->request->get['product_id'])) {
							$xdstickers_products = array();
							$xdstickers_products = $this->model_extension_module_xdstickers->getCustomXDStickersProduct($this->request->get['product_id']);
							foreach ($xdstickers_products as $xdstickers_product) {
								$data['xdstickers_product'][] = $xdstickers_product['xdsticker_id'];
							}
						} else {
							$data['xdstickers_product'] = array();
						}
					// XD Stickers end
				]]>
			</add>
		</operation>
	</file>
	<file path="admin/view/template/catalog/product_form.tpl">
		<operation>
			<search>
				<![CDATA[
					<li><a href="#tab-design" data-toggle="tab"><?php echo $tab_design; ?></a></li>
				]]>
			</search>
			<add position="after">
				<![CDATA[
					<!-- XD Stickers start -->
						<li><a href="#tab-xdstickers" data-toggle="tab"><?php echo $tab_xdstickers; ?></a></li>
					<!-- XD Stickers start -->
				]]>
			</add>
		</operation>
		<operation>
			<search>
				<![CDATA[
					<div class="tab-pane" id="tab-design">
				]]>
			</search>
			<add position="before"><![CDATA[
				<!-- XD Stickers start -->
					<div class="tab-pane" id="tab-xdstickers">
					  <div class="table-responsive">
						<div class="form-group" style="margin: 0px">
						  <label class="col-sm-2 control-label" for="input-xdstickers"><?php echo $entry_xdstickers; ?></label>
						  <div class="col-sm-10">
							<div class="well well-sm" style="height: 150px; overflow: auto;">
								<?php foreach ($xdstickers as $xdsticker) { ?>
									<div class="checkbox">
										<label>
											<input type="checkbox" name="xdstickers[][xdsticker_id]" value="<?php echo $xdsticker['xdsticker_id'];?>" <?php echo (array_search($xdsticker['xdsticker_id'], $xdstickers_product) !== false? "checked": "");?> /> <?php echo $xdsticker['name']; ?>
										</label>
									</div>
								<?php } ?>
							</div>
						  </div>
						</div>
					  </div>
					</div>
				<!-- XD Stickers start -->
			]]></add>
		</operation>
	</file>
	<file path="catalog/controller/common/header.php">
		<operation>
			<search>
				<![CDATA[
					public function index() {
				]]>
			</search>
			<add position="after">
				<![CDATA[
					// XD Stickers start
						$this->load->model('setting/setting');
						$xdstickers = $this->config->get('xdstickers');
						$data['xdstickers_status'] = $xdstickers['status'];
						if ($xdstickers['status']) {
							$data['xdstickers'] = array();
							$data['xdstickers_position'] = $xdstickers['position'];
							$data['xdstickers_inline_styles'] = $xdstickers['inline_styles'];
							$data['xdstickers'][] = array(
								'id'			=> 'xdsticker_sale',
								'bg'			=> $xdstickers['sale']['bg'],
								'color'			=> $xdstickers['sale']['color'],
								'status'		=> $xdstickers['sale']['status'],
							);
							$data['xdstickers'][] = array(
								'id'			=> 'xdsticker_bestseller',
								'bg'			=> $xdstickers['bestseller']['bg'],
								'color'			=> $xdstickers['bestseller']['color'],
								'status'		=> $xdstickers['bestseller']['status'],
							);
							$data['xdstickers'][] = array(
								'id'			=> 'xdsticker_novelty',
								'bg'			=> $xdstickers['novelty']['bg'],
								'color'			=> $xdstickers['novelty']['color'],
								'status'		=> $xdstickers['novelty']['status'],
							);
							$data['xdstickers'][] = array(
								'id'			=> 'xdsticker_last',
								'bg'			=> $xdstickers['last']['bg'],
								'color'			=> $xdstickers['last']['color'],
								'status'		=> $xdstickers['last']['status'],
							);
							$data['xdstickers'][] = array(
								'id'			=> 'xdsticker_freeshipping',
								'bg'			=> $xdstickers['freeshipping']['bg'],
								'color'			=> $xdstickers['freeshipping']['color'],
								'status'		=> $xdstickers['freeshipping']['status'],
							);

							if (isset($xdstickers['stock']) && !empty($xdstickers['stock'])) {
								foreach($xdstickers['stock'] as $key => $value) {
									if (isset($value['status']) && $value['status'] == '1') {
										$data['xdstickers'][] = array(
											'id'			=> 'xdsticker_stock_' . $key,
											'bg'			=> $value['bg'],
											'color'			=> $value['color'],
											'status'		=> $value['status'],
										);
									}
								}
							}

							// CUSTOM stickers
							$this->load->model('extension/module/xdstickers');
							$custom_xdstickers = $this->model_extension_module_xdstickers->getCustomXDStickers();
							if (!empty($custom_xdstickers)) {
								foreach ($custom_xdstickers as $custom_xdsticker) {
									$custom_sticker_id = 'xdsticker_' . $custom_xdsticker['xdsticker_id'];
									$data['xdstickers'][] = array(
										'id'			=> $custom_sticker_id,
										'bg'			=> $custom_xdsticker['bg_color'],
										'color'			=> $custom_xdsticker['color_color'],
										'status'		=> $custom_xdsticker['status'],
									);
								}
							}
						}
					// XD Stickers end
				]]>
			</add>
		</operation>
	</file>
	<file path="catalog/view/theme/*/template/common/header.tpl">
		<operation>
			<search>
				<![CDATA[
					</head>
				]]>
			</search>
			<add position="before">
				<![CDATA[
					<?php
					// XD Stickers start
						if (!empty($xdstickers)) {
							echo'<style type="text/css">';
							echo $xdstickers_inline_styles;
							foreach ($xdstickers as $xdsticker) {
								if ($xdsticker['status'] == '1') {
					?>
									.<?php echo $xdsticker['id'] ?> {
										background-color:<?php echo $xdsticker['bg'] ?>;
										color:<?php echo $xdsticker['color'] ?>;
									}
					<?php
								}
							}
							echo'</style>';
						}
					// XD Stickers end
					?>
				]]>
			</add>
		</operation>
	</file>
	<file path="catalog/model/catalog/product.php">
		<operation>
			<search>
				<![CDATA[
					'stock_status'     => $query->row['stock_status'],
				]]>
			</search>
			<add position="after">
				<![CDATA[
					'stock_status_id'     => $query->row['stock_status_id'],
				]]>
			</add>
		</operation>
	</file>
	<file path="catalog/controller/product/product.php">
		<operation>
			<search>
				<![CDATA[
					$data['products'] = array();
				]]>
			</search>
			<add position="before">
				<![CDATA[
					// XD Stickers start
						$this->load->model('setting/setting');
						$xdstickers = $this->config->get('xdstickers');
						$current_language_id = $this->config->get('config_language_id');
						$data['xdstickers'] = array();
						$data['xdstickers_position'] = ($xdstickers['position'] == '0') ? ' position_upleft' : ' position_upright';
						if ($xdstickers['status']) {
							$data['xdstickers'] = array();
							if ($xdstickers['sale']['status'] == '1' && $data['special']) {
								if ($xdstickers['sale']['discount_status'] == '1') {
									$sale_value = ceil(((float)$product_info['price'] - (float)$product_info['special']) / ((float)$product_info['price'] * 0.01));
									$sale_text = $xdstickers['sale']['text'][$current_language_id] . ' -' . strval($sale_value) . '%';
								} else {
									$sale_text = $xdstickers['sale']['text'][$current_language_id];
								}
								$data['xdstickers'][] = array(
									'id'			=> 'xdsticker_sale',
									'text'			=> $sale_text
								);
							}
							if ($xdstickers['bestseller']['status'] == '1') {
								$bestsellers = $this->model_catalog_product->getBestSellerProducts((int)$xdstickers['bestseller']['property']);
								foreach ($bestsellers as $bestseller) {
									if ($bestseller['product_id'] == $this->request->get['product_id']) {
										$data['xdstickers'][] = array(
											'id'			=> 'xdsticker_bestseller',
											'text'			=> $xdstickers['bestseller']['text'][$current_language_id]
										);
									}
								}
							}
							if ($xdstickers['novelty']['status'] == '1') {
								if ((strtotime($product_info['date_added']) + intval($xdstickers['novelty']['property']) * 24 * 3600) > time()) {
									$data['xdstickers'][] = array(
										'id'			=> 'xdsticker_novelty',
										'text'			=> $xdstickers['novelty']['text'][$current_language_id]
									);
								}
							}
							if ($xdstickers['last']['status'] == '1') {
								if ($product_info['quantity'] <= intval($xdstickers['last']['property']) && $product_info['quantity'] > 0) {
									$data['xdstickers'][] = array(
										'id'			=> 'xdsticker_last',
										'text'			=> $xdstickers['last']['text'][$current_language_id]
									);
								}
							}
							if ($xdstickers['freeshipping']['status'] == '1') {
								if ((float)$product_info['special'] >= intval($xdstickers['freeshipping']['property'])) {
									$data['xdstickers'][] = array(
										'id'			=> 'xdsticker_freeshipping',
										'text'			=> $xdstickers['freeshipping']['text'][$current_language_id]
									);
								} else if ((float)$product_info['price'] >= intval($xdstickers['freeshipping']['property'])) {
									$data['xdstickers'][] = array(
										'id'			=> 'xdsticker_freeshipping',
										'text'			=> $xdstickers['freeshipping']['text'][$current_language_id]
									);
								}
							}

							// STOCK stickers
							if (isset($xdstickers['stock']) && !empty($xdstickers['stock'])) {
								foreach($xdstickers['stock'] as $key => $value) {
									// var_dump($value);
									if (isset($value['status']) && $value['status'] == '1' && $key == $product_info['stock_status_id'] && $product_info['quantity'] <= 0) {
										$data['xdstickers'][] = array(
											'id'			=> 'xdsticker_stock_' . $key,
											'text'			=> $product_info['stock_status']
										);
									}
								}
							}

							// CUSTOM stickers
							$this->load->model('extension/module/xdstickers');
							$custom_xdstickers_id = $this->model_extension_module_xdstickers->getCustomXDStickersProduct($this->request->get['product_id']);
							if (!empty($custom_xdstickers_id)) {
								foreach ($custom_xdstickers_id as $custom_xdsticker_id) {
									$custom_xdsticker = $this->model_extension_module_xdstickers->getCustomXDSticker($custom_xdsticker_id['xdsticker_id']);
									$custom_xdsticker_text = json_decode($custom_xdsticker['text'], true);
									// var_dump($custom_xdsticker);
									if ($custom_xdsticker['status'] == '1') {
										$custom_sticker_class = 'xdsticker_' . $custom_xdsticker_id['xdsticker_id'];
										$data['xdstickers'][] = array(
											'id'			=> $custom_sticker_class,
											'text'			=> $custom_xdsticker_text[$current_language_id]
										);
									}
								}
							}
						}
					// XD Stickers end
				]]>
			</add>
		</operation>
		<operation>
			<search>
				<![CDATA[
					$data['products'][] = array(
				]]>
			</search>
			<add position="before">
				<![CDATA[
					// XD Stickers start
						$product_xdstickers = array();
						if ($xdstickers['status']) {
							if ($xdstickers['sale']['status'] == '1' && $special) {
								if ($xdstickers['sale']['discount_status'] == '1') {
									$sale_value = ceil(((float)$result['price'] - (float)$result['special']) / ((float)$result['price'] * 0.01));
									$sale_text = $xdstickers['sale']['text'][$current_language_id] . ' -' . strval($sale_value) . '%';
								} else {
									$sale_text = $xdstickers['sale']['text'][$current_language_id];
								}								
								$product_xdstickers[] = array(
									'id'			=> 'xdsticker_sale',
									'text'			=> $sale_text
								);
							}
							if ($xdstickers['bestseller']['status'] == '1') {
								$bestsellers = $this->model_catalog_product->getBestSellerProducts((int)$xdstickers['bestseller']['property']);
								foreach ($bestsellers as $bestseller) {
									if ($bestseller['product_id'] == $result['product_id']) {
										$product_xdstickers[] = array(
											'id'			=> 'xdsticker_bestseller',
											'text'			=> $xdstickers['bestseller']['text'][$current_language_id]
										);
									}
								}
							}
							if ($xdstickers['novelty']['status'] == '1') {
								if ((strtotime($result['date_added']) + intval($xdstickers['novelty']['property']) * 24 * 3600) > time()) {
									$product_xdstickers[] = array(
										'id'			=> 'xdsticker_novelty',
										'text'			=> $xdstickers['novelty']['text'][$current_language_id]
									);
								}
							}
							if ($xdstickers['last']['status'] == '1') {
								if ($result['quantity'] <= intval($xdstickers['last']['property']) && $result['quantity'] > 0) {
									$product_xdstickers[] = array(
										'id'			=> 'xdsticker_last',
										'text'			=> $xdstickers['last']['text'][$current_language_id]
									);
								}
							}
							if ($xdstickers['freeshipping']['status'] == '1') {
								if ((float)$result['special'] >= intval($xdstickers['freeshipping']['property'])) {
									$product_xdstickers[] = array(
										'id'			=> 'xdsticker_freeshipping',
										'text'			=> $xdstickers['freeshipping']['text'][$current_language_id]
									);
								} else if ((float)$result['price'] >= intval($xdstickers['freeshipping']['property'])) {
									$product_xdstickers[] = array(
										'id'			=> 'xdsticker_freeshipping',
										'text'			=> $xdstickers['freeshipping']['text'][$current_language_id]
									);
								}
							}

							// STOCK stickers
							if (isset($xdstickers['stock']) && !empty($xdstickers['stock'])) {
								foreach($xdstickers['stock'] as $key => $value) {
									if (isset($value['status']) && $value['status'] == '1' && $key == $result['stock_status_id'] && $result['quantity'] <= 0) {
										$product_xdstickers[] = array(
											'id'			=> 'xdsticker_stock_' . $key,
											'text'			=> $result['stock_status']
										);
									}
								}
							}

							// CUSTOM stickers
							$this->load->model('extension/module/xdstickers');
							$custom_xdstickers_id = $this->model_extension_module_xdstickers->getCustomXDStickersProduct($result['product_id']);
							if (!empty($custom_xdstickers_id)) {
								foreach ($custom_xdstickers_id as $custom_xdsticker_id) {
									$custom_xdsticker = $this->model_extension_module_xdstickers->getCustomXDSticker($custom_xdsticker_id['xdsticker_id']);
									$custom_xdsticker_text = json_decode($custom_xdsticker['text'], true);
									// var_dump($custom_xdsticker);
									if ($custom_xdsticker['status'] == '1') {
										$custom_sticker_class = 'xdsticker_' . $custom_xdsticker_id['xdsticker_id'];
										$product_xdstickers[] = array(
											'id'			=> $custom_sticker_class,
											'text'			=> $custom_xdsticker_text[$current_language_id]
										);
									}
								}
							}
						}
					// XD Stickers end
				]]>
			</add>
		</operation>
		<operation>
			<search>
				<![CDATA[
					$data['products'][] = array(
				]]>
			</search>
			<add position="after">
				<![CDATA[
					'product_xdstickers'  => $product_xdstickers,
				]]>
			</add>
		</operation>
	</file>
	<file path="catalog/view/theme/*/template/product/product.tpl">
		<operation>
			<search>
				<![CDATA[
					<?php if ($thumb || $images) { ?>
				]]>
			</search>
			<add position="after">
				<![CDATA[
					<!-- XD stickers start -->
					<?php if (!empty($xdstickers)) { ?>
					<div class="xdstickers_wrapper<?php echo $xdstickers_position ?>">
						<?php foreach($xdstickers as $xdsticker) { ?>
							<div class="xdstickers <?php echo $xdsticker['id']; ?>">
								<?php echo $xdsticker['text']; ?>
							</div>
						<?php } ?>
					</div>
					<?php } ?>
					<!-- XD stickers end -->
				]]>
			</add>
		</operation>
		<operation>
			<search>
				<![CDATA[
					<div class="image"><a href="<?php echo $product['href']; ?>"><img src="<?php echo $product['thumb']; ?>" alt="<?php echo $product['name']; ?>" title="<?php echo $product['name']; ?>" class="img-responsive" /></a></div>
				]]>
			</search>
			<add position="replace">
				<![CDATA[
					<div class="image">
						<!-- XD stickers start -->
						<?php if (!empty($product['product_xdstickers'])) { ?>
						<div class="xdstickers_wrapper<?php echo $xdstickers_position ?>">
							<?php foreach($product['product_xdstickers'] as $xdsticker) { ?>
								<div class="xdstickers <?php echo $xdsticker['id']; ?>">
									<?php echo $xdsticker['text']; ?>
								</div>
							<?php } ?>
						</div>
						<?php } ?>
						<!-- XD stickers end -->
						<a href="<?php echo $product['href']; ?>"><img src="<?php echo $product['thumb']; ?>" alt="<?php echo $product['name']; ?>" title="<?php echo $product['name']; ?>" class="img-responsive" /></a>
					</div>
				]]>
			</add>
		</operation>
	</file>
	<file path="catalog/controller/product/{category.php,manufacturer.php,special.php,search.php}">
		<operation>
			<search>
				<![CDATA[
					$data['products'][] = array(
				]]>
			</search>
			<add position="before">
				<![CDATA[
					// XD Stickers start
						$this->load->model('setting/setting');
						$xdstickers = $this->config->get('xdstickers');
						$current_language_id = $this->config->get('config_language_id');
						$product_xdstickers = array();
						$data['xdstickers_position'] = ($xdstickers['position'] == '0') ? ' position_upleft' : ' position_upright';
						if ($xdstickers['status']) {
							if ($xdstickers['sale']['status'] == '1' && $special) {
								if ($xdstickers['sale']['discount_status'] == '1') {
									$sale_value = ceil(((float)$result['price'] - (float)$result['special']) / ((float)$result['price'] * 0.01));
									$sale_text = $xdstickers['sale']['text'][$current_language_id] . ' -' . strval($sale_value) . '%';
								} else {
									$sale_text = $xdstickers['sale']['text'][$current_language_id];
								}								
								$product_xdstickers[] = array(
									'id'			=> 'xdsticker_sale',
									'text'			=> $sale_text
								);
							}
							if ($xdstickers['bestseller']['status'] == '1') {
								$bestsellers = $this->model_catalog_product->getBestSellerProducts((int)$xdstickers['bestseller']['property']);
								foreach ($bestsellers as $bestseller) {
									if ($bestseller['product_id'] == $result['product_id']) {
										$product_xdstickers[] = array(
											'id'			=> 'xdsticker_bestseller',
											'text'			=> $xdstickers['bestseller']['text'][$current_language_id]
										);
									}
								}
							}
							if ($xdstickers['novelty']['status'] == '1') {
								if ((strtotime($result['date_added']) + intval($xdstickers['novelty']['property']) * 24 * 3600) > time()) {
									$product_xdstickers[] = array(
										'id'			=> 'xdsticker_novelty',
										'text'			=> $xdstickers['novelty']['text'][$current_language_id]
									);
								}
							}
							if ($xdstickers['last']['status'] == '1') {
								if ($result['quantity'] <= intval($xdstickers['last']['property']) && $result['quantity'] > 0) {
									$product_xdstickers[] = array(
										'id'			=> 'xdsticker_last',
										'text'			=> $xdstickers['last']['text'][$current_language_id]
									);
								}
							}
							if ($xdstickers['freeshipping']['status'] == '1') {
								if ((float)$result['special'] >= intval($xdstickers['freeshipping']['property'])) {
									$product_xdstickers[] = array(
										'id'			=> 'xdsticker_freeshipping',
										'text'			=> $xdstickers['freeshipping']['text'][$current_language_id]
									);
								} else if ((float)$result['price'] >= intval($xdstickers['freeshipping']['property'])) {
									$product_xdstickers[] = array(
										'id'			=> 'xdsticker_freeshipping',
										'text'			=> $xdstickers['freeshipping']['text'][$current_language_id]
									);
								}
							}

							// STOCK stickers
							if (isset($xdstickers['stock']) && !empty($xdstickers['stock'])) {
								foreach($xdstickers['stock'] as $key => $value) {
									if (isset($value['status']) && $value['status'] == '1' && $key == $result['stock_status_id'] && $result['quantity'] <= 0) {
										$product_xdstickers[] = array(
											'id'			=> 'xdsticker_stock_' . $key,
											'text'			=> $result['stock_status']
										);
									}
								}
							}

							// CUSTOM stickers
							$this->load->model('extension/module/xdstickers');
							$custom_xdstickers_id = $this->model_extension_module_xdstickers->getCustomXDStickersProduct($result['product_id']);
							if (!empty($custom_xdstickers_id)) {
								foreach ($custom_xdstickers_id as $custom_xdsticker_id) {
									$custom_xdsticker = $this->model_extension_module_xdstickers->getCustomXDSticker($custom_xdsticker_id['xdsticker_id']);
									$custom_xdsticker_text = json_decode($custom_xdsticker['text'], true);
									// var_dump($custom_xdsticker);
									if ($custom_xdsticker['status'] == '1') {
										$custom_sticker_class = 'xdsticker_' . $custom_xdsticker_id['xdsticker_id'];
										$product_xdstickers[] = array(
											'id'			=> $custom_sticker_class,
											'text'			=> $custom_xdsticker_text[$current_language_id]
										);
									}
								}
							}
						}
					// XD Stickers end
				]]>
			</add>
		</operation>
		<operation>
			<search>
				<![CDATA[
					$data['products'][] = array(
				]]>
			</search>
			<add position="after">
				<![CDATA[
					'product_xdstickers'  => $product_xdstickers,
				]]>
			</add>
		</operation>
	</file>
	<file path="catalog/view/theme/*/template/product/{category.tpl,manufacturer_info.tpl,special.tpl,search.tpl}">
		<operation>
			<search>
				<![CDATA[
					<div class="image"><a href="<?php echo $product['href']; ?>"><img src="<?php echo $product['thumb']; ?>" alt="<?php echo $product['name']; ?>" title="<?php echo $product['name']; ?>" class="img-responsive" /></a></div>
				]]>
			</search>
			<add position="replace">
				<![CDATA[
					<div class="image">
						<!-- XD stickers start -->
						<?php if (!empty($product['product_xdstickers'])) { ?>
						<div class="xdstickers_wrapper<?php echo $xdstickers_position ?>">
							<?php foreach($product['product_xdstickers'] as $xdsticker) { ?>
								<div class="xdstickers <?php echo $xdsticker['id']; ?>">
									<?php echo $xdsticker['text']; ?>
								</div>
							<?php } ?>
						</div>
						<?php } ?>
						<!-- XD stickers end -->
						<a href="<?php echo $product['href']; ?>"><img src="<?php echo $product['thumb']; ?>" alt="<?php echo $product['name']; ?>" title="<?php echo $product['name']; ?>" class="img-responsive" /></a>
					</div>
				]]>
			</add>
		</operation>
	</file>
	<file path="catalog/controller/extension/module/{bestseller.php,latest.php,special.php}">
		<operation>
			<search>
				<![CDATA[
					$data['products'][] = array(
				]]>
			</search>
			<add position="before">
				<![CDATA[
					// XD Stickers start
						$this->load->model('setting/setting');
						$xdstickers = $this->config->get('xdstickers');
						$current_language_id = $this->config->get('config_language_id');
						$product_xdstickers = array();
						$data['xdstickers_position'] = ($xdstickers['position'] == '0') ? ' position_upleft' : ' position_upright';
						if ($xdstickers['status']) {
							if ($xdstickers['sale']['status'] == '1' && $special) {
								if ($xdstickers['sale']['discount_status'] == '1') {
									$sale_value = ceil(((float)$result['price'] - (float)$result['special']) / ((float)$result['price'] * 0.01));
									$sale_text = $xdstickers['sale']['text'][$current_language_id] . ' -' . strval($sale_value) . '%';
								} else {
									$sale_text = $xdstickers['sale']['text'][$current_language_id];
								}								
								$product_xdstickers[] = array(
									'id'			=> 'xdsticker_sale',
									'text'			=> $sale_text
								);
							}
							if ($xdstickers['bestseller']['status'] == '1') {
								$bestsellers = $this->model_catalog_product->getBestSellerProducts((int)$xdstickers['bestseller']['property']);
								foreach ($bestsellers as $bestseller) {
									if ($bestseller['product_id'] == $result['product_id']) {
										$product_xdstickers[] = array(
											'id'			=> 'xdsticker_bestseller',
											'text'			=> $xdstickers['bestseller']['text'][$current_language_id]
										);
									}
								}
							}
							if ($xdstickers['novelty']['status'] == '1') {
								if ((strtotime($result['date_added']) + intval($xdstickers['novelty']['property']) * 24 * 3600) > time()) {
									$product_xdstickers[] = array(
										'id'			=> 'xdsticker_novelty',
										'text'			=> $xdstickers['novelty']['text'][$current_language_id]
									);
								}
							}
							if ($xdstickers['last']['status'] == '1') {
								if ($result['quantity'] <= intval($xdstickers['last']['property']) && $result['quantity'] > 0) {
									$product_xdstickers[] = array(
										'id'			=> 'xdsticker_last',
										'text'			=> $xdstickers['last']['text'][$current_language_id]
									);
								}
							}
							if ($xdstickers['freeshipping']['status'] == '1') {
								if ((float)$result['special'] >= intval($xdstickers['freeshipping']['property'])) {
									$product_xdstickers[] = array(
										'id'			=> 'xdsticker_freeshipping',
										'text'			=> $xdstickers['freeshipping']['text'][$current_language_id]
									);
								} else if ((float)$result['price'] >= intval($xdstickers['freeshipping']['property'])) {
									$product_xdstickers[] = array(
										'id'			=> 'xdsticker_freeshipping',
										'text'			=> $xdstickers['freeshipping']['text'][$current_language_id]
									);
								}
							}

							// STOCK stickers
							if (isset($xdstickers['stock']) && !empty($xdstickers['stock'])) {
								foreach($xdstickers['stock'] as $key => $value) {
									if (isset($value['status']) && $value['status'] == '1' && $key == $result['stock_status_id'] && $result['quantity'] <= 0) {
										$product_xdstickers[] = array(
											'id'			=> 'xdsticker_stock_' . $key,
											'text'			=> $result['stock_status']
										);
									}
								}
							}

							// CUSTOM stickers
							$this->load->model('extension/module/xdstickers');
							$custom_xdstickers_id = $this->model_extension_module_xdstickers->getCustomXDStickersProduct($result['product_id']);
							if (!empty($custom_xdstickers_id)) {
								foreach ($custom_xdstickers_id as $custom_xdsticker_id) {
									$custom_xdsticker = $this->model_extension_module_xdstickers->getCustomXDSticker($custom_xdsticker_id['xdsticker_id']);
									$custom_xdsticker_text = json_decode($custom_xdsticker['text'], true);
									// var_dump($custom_xdsticker);
									if ($custom_xdsticker['status'] == '1') {
										$custom_sticker_class = 'xdsticker_' . $custom_xdsticker_id['xdsticker_id'];
										$product_xdstickers[] = array(
											'id'			=> $custom_sticker_class,
											'text'			=> $custom_xdsticker_text[$current_language_id]
										);
									}
								}
							}
						}
					// XD Stickers end
				]]>
			</add>
		</operation>
		<operation>
			<search>
				<![CDATA[
					$data['products'][] = array(
				]]>
			</search>
			<add position="after">
				<![CDATA[
					'product_xdstickers'  => $product_xdstickers,
				]]>
			</add>
		</operation>
	</file>
	<file path="catalog/controller/extension/module/featured.php">
		<operation>
			<search>
				<![CDATA[
					$data['products'][] = array(
				]]>
			</search>
			<add position="before">
				<![CDATA[
					// XD Stickers start
						$this->load->model('setting/setting');
						$xdstickers = $this->config->get('xdstickers');
						$current_language_id = $this->config->get('config_language_id');
						$product_xdstickers = array();
						$data['xdstickers_position'] = ($xdstickers['position'] == '0') ? ' position_upleft' : ' position_upright';
						if ($xdstickers['status']) {
							if ($xdstickers['sale']['status'] == '1' && $special) {
								if ($xdstickers['sale']['discount_status'] == '1') {
									$sale_value = ceil(((float)$product_info['price'] - (float)$product_info['special']) / ((float)$product_info['price'] * 0.01));
									$sale_text = $xdstickers['sale']['text'][$current_language_id] . ' -' . strval($sale_value) . '%';
								} else {
									$sale_text = $xdstickers['sale']['text'][$current_language_id];
								}								
								$product_xdstickers[] = array(
									'id'			=> 'xdsticker_sale',
									'text'			=> $sale_text
								);
							}	
							if ($xdstickers['bestseller']['status'] == '1') {
								$bestsellers = $this->model_catalog_product->getBestSellerProducts((int)$xdstickers['bestseller']['property']);
								foreach ($bestsellers as $bestseller) {
									if ($bestseller['product_id'] == $product_info['product_id']) {
										$product_xdstickers[] = array(
											'id'			=> 'xdsticker_bestseller',
											'text'			=> $xdstickers['bestseller']['text'][$current_language_id]
										);
									}
								}
							}
							if ($xdstickers['novelty']['status'] == '1') {
								if ((strtotime($product_info['date_added']) + intval($xdstickers['novelty']['property']) * 24 * 3600) > time()) {
									$product_xdstickers[] = array(
										'id'			=> 'xdsticker_novelty',
										'text'			=> $xdstickers['novelty']['text'][$current_language_id]
									);
								}
							}
							if ($xdstickers['last']['status'] == '1') {
								if ($product_info['quantity'] <= intval($xdstickers['last']['property']) && $product_info['quantity'] > 0) {
									$product_xdstickers[] = array(
										'id'			=> 'xdsticker_last',
										'text'			=> $xdstickers['last']['text'][$current_language_id]
									);
								}
							}
							if ($xdstickers['freeshipping']['status'] == '1') {
								if ((float)$product_info['special'] >= intval($xdstickers['freeshipping']['property'])) {
									$product_xdstickers[] = array(
										'id'			=> 'xdsticker_freeshipping',
										'text'			=> $xdstickers['freeshipping']['text'][$current_language_id]
									);
								} else if ((float)$product_info['price'] >= intval($xdstickers['freeshipping']['property'])) {
									$product_xdstickers[] = array(
										'id'			=> 'xdsticker_freeshipping',
										'text'			=> $xdstickers['freeshipping']['text'][$current_language_id]
									);
								}
							}
							
							// STOCK stickers
							if (isset($xdstickers['stock']) && !empty($xdstickers['stock'])) {
								foreach($xdstickers['stock'] as $key => $value) {
									if (isset($value['status']) && $value['status'] == '1' && $key == $product_info['stock_status_id'] && $product_info['quantity'] <= 0) {
										$product_xdstickers[] = array(
											'id'			=> 'xdsticker_stock_' . $key,
											'text'			=> $product_info['stock_status']
										);
									}
								}		
							}								

							// CUSTOM stickers
							$this->load->model('extension/module/xdstickers');
							$custom_xdstickers_id = $this->model_extension_module_xdstickers->getCustomXDStickersProduct($product_info['product_id']);
							if (!empty($custom_xdstickers_id)) {
								foreach ($custom_xdstickers_id as $custom_xdsticker_id) {
									$custom_xdsticker = $this->model_extension_module_xdstickers->getCustomXDSticker($custom_xdsticker_id['xdsticker_id']);
									$custom_xdsticker_text = json_decode($custom_xdsticker['text'], true);
									// var_dump($custom_xdsticker);
									if ($custom_xdsticker['status'] == '1') {
										$custom_sticker_class = 'xdsticker_' . $custom_xdsticker_id['xdsticker_id'];
										$product_xdstickers[] = array(
											'id'			=> $custom_sticker_class,
											'text'			=> $custom_xdsticker_text[$current_language_id]
										);
									}
								}
							}
						}
					// XD Stickers end
				]]>
			</add>
		</operation>
		<operation>
			<search>
				<![CDATA[
					$data['products'][] = array(
				]]>
			</search>
			<add position="after">
				<![CDATA[
					'product_xdstickers'  => $product_xdstickers,
				]]>
			</add>
		</operation>
	</file>
	<file path="catalog/view/theme/*/template/extension/module/{bestseller.tpl,latest.tpl,special.tpl,featured.tpl}">
		<operation>
			<search>
				<![CDATA[
					<div class="image"><a href="<?php echo $product['href']; ?>"><img src="<?php echo $product['thumb']; ?>" alt="<?php echo $product['name']; ?>" title="<?php echo $product['name']; ?>" class="img-responsive" /></a></div>
				]]>
			</search>
			<add position="replace">
				<![CDATA[
					<div class="image">
						<!-- XD stickers start -->
						<?php if (!empty($product['product_xdstickers'])) { ?>
						<div class="xdstickers_wrapper<?php echo $xdstickers_position ?>">
							<?php foreach($product['product_xdstickers'] as $xdsticker) { ?>
								<div class="xdstickers <?php echo $xdsticker['id']; ?>">
									<?php echo $xdsticker['text']; ?>
								</div>
							<?php } ?>
						</div>
						<?php } ?>
						<!-- XD stickers end -->
						<a href="<?php echo $product['href']; ?>"><img src="<?php echo $product['thumb']; ?>" alt="<?php echo $product['name']; ?>" title="<?php echo $product['name']; ?>" class="img-responsive" /></a>
					</div>
				]]>
			</add>
		</operation>
	</file>
</modification>