<?xml version="1.0" encoding="utf-8"?>
<modification>
	<code>QuickEnableDisableProduct</code>
    <name>Quick Enable/Disable Product</name>
    <version>1.0</version>
    <author>Wellington Rodrigues</author>
    <file path="admin/controller/catalog/product.php">
        <operation>
            <search><![CDATA[
            protected function getList() {
            ]]></search>
            <add position="after"><![CDATA[
            $this->document->addStyle('view/stylesheet/quick-enable-disable-product/enabledisable.css');
            ]]></add>
        </operation>
		<operation>
            <search><![CDATA[
             ? $this->language->get('text_enabled') : $this->language->get('text_disabled'),
            ]]></search>
            <add position="replace"><![CDATA[
            ,
            ]]></add>
        </operation>
		<operation>
            <search><![CDATA[
            public function delete() {
            ]]></search>
            <add position="before"><![CDATA[
				public function editStatus() {
					$this->load->language('catalog/product');
					$this->load->model('catalog/product');
					
					$product_id = (int)$this->request->post['product_id'];
					$status = (bool)$this->request->post['status'];
					$status = !$status;

					if ($this->validateEditStatus()) {
						$this->model_catalog_product->editProductStatus($product_id, $status);
						$json = array(
							'success' => true,
							'status' => (int)$status
						);		
					}
					else{
						$json = array(
							'success' => false,
							'message' => $this->error['warning']
						);
					}
					$this->response->addHeader('Content-Type: application/json');
					$this->response->setOutput(json_encode($json));
				}
            ]]></add>
        </operation>
		<operation>
            <search><![CDATA[
            protected function validateDelete() {
            ]]></search>
            <add position="before"><![CDATA[
				protected function validateEditStatus() {
					if (!$this->user->hasPermission('modify', 'catalog/product')) {
						$this->error['warning'] = $this->language->get('error_permission');
					}

					return !$this->error;
				}
            ]]></add>
        </operation>
		
    </file>
	<file path="admin/model/catalog/product.php">
        <operation>
            <search><![CDATA[
            public function deleteProduct($product_id) {
            ]]></search>
            <add position="before"><![CDATA[
            public function editProductStatus($product_id, $status) {
				return $this->db->query("UPDATE " . DB_PREFIX . "product SET status = '" . (int)$status . "' WHERE product_id = '" . (int)$product_id . "'");
			}
            ]]></add>
        </operation>
    </file>
	
	<!-- OpenCart 2.x -->
	<file path="admin/view/template/catalog/product_list.tpl">
        <operation>
            <search><![CDATA[
            <td class="text-left"><?php echo $product['status']; ?></td>
            ]]></search>
            <add position="replace"><![CDATA[
			<td class="enabledisable-td">
				<div class="enabledisable-loading"></div>
				<?php
				if($product['status']) echo '<span><div class="enabledisable enabledisableOn" data-product_id="' . $product['product_id'] . '" data-status="' . $product['status'] . '"></div></span>';
				else echo '<span><div class="enabledisable" data-product_id="' . $product['product_id'] . '" data-status="' . $product['status'] . '"></div></span>';
				?>
			</td>
            ]]></add>
        </operation>
		<operation>
            <search><![CDATA[
            <?php echo $footer; ?>
            ]]></search>
            <add position="before"><![CDATA[
			<script type="text/javascript">
				function editProductStatus(product){
					var loading = product.parent().prev();
					loading.show();
					product.fadeTo("fast", 0.2);
					$.ajax({
						type: 'POST',
						url: 'index.php?route=catalog/product/editStatus&token=<?php echo $token; ?>',
						data: {
							product_id: product.data("product_id"),
							status: product.data("status")
						},
						success: function(response) {
							if(response.success){
								if(product.data("status") != response.status){
									product.data("status", response.status);
									product.toggleClass("enabledisableOn");
									product.fadeTo("fast", 1);
									loading.hide();
								}
							}
							else{
								alert(response.message);
							}
						}
					});
				}
				$(function() {
					$('.enabledisable').click(function() {
					  editProductStatus($(this));
					});
				});
			</script>
            ]]></add>
        </operation>
    </file>
	
	<!-- OpenCart 3.x -->
	<file path="admin/view/template/catalog/product_list.twig">
        <operation>
            <search><![CDATA[
            <td class="text-left">{{ product.status }}</td>
            ]]></search>
            <add position="replace"><![CDATA[
			<td class="enabledisable-td">
				<div class="enabledisable-loading"></div>
				{% if product.status %}
				<span><div class="enabledisable enabledisableOn" data-product_id="{{ product.product_id }}" data-status="{{ product.status }}"></div></span>
				{% else %}
				<span><div class="enabledisable" data-product_id="{{ product.product_id }}" data-status="{{ product.status }}"></div></span>
				{% endif %}
			</td>
            ]]></add>
        </operation>
		<operation>
            <search><![CDATA[
            {{ footer }} 
            ]]></search>
            <add position="before"><![CDATA[
			<script type="text/javascript">
				function editProductStatus(product){
					var loading = product.parent().prev();
					loading.show();
					product.fadeTo("fast", 0.2);
					$.ajax({
						type: 'POST',
						url: 'index.php?route=catalog/product/editStatus&user_token={{ user_token }}',
						data: {
							product_id: product.data("product_id"),
							status: product.data("status")
						},
						success: function(response) {
							if(response.success){
								if(product.data("status") != response.status){
									product.data("status", response.status);
									product.toggleClass("enabledisableOn");
									product.fadeTo("fast", 1);
									loading.hide();
								}
							}
							else{
								alert(response.message);
							}
						}
					});
				}
				$(function() {
					$('.enabledisable').click(function() {
					  editProductStatus($(this));
					});
				});
			</script>
            ]]></add>
        </operation>
    </file>
</modification>